{"cameraMode":{"drawMode":0,"name":"Shaded","section":"Shading Mode"},"sceneLighting":true,"audioPlay":false,"sceneViewState":{"m_AlwaysRefresh":false,"showFog":true,"showSkybox":true,"showFlares":true,"showImageEffects":true,"showParticleSystems":true,"showVisualEffectGraphs":true,"m_FxEnabled":true},"in2DMode":false,"pivot":{"x":0.8707583546638489,"y":10.395729064941407,"z":5.014847755432129},"rotation":{"x":-0.012263922952115536,"y":0.8879183530807495,"z":-0.459227979183197,"w":-0.023711873218417169},"size":1.7851144075393677,"orthographic":false}